{
  "variables": {
    "name": "{{split pwd \"/\" 6}}-{{isotime \"01-02-2006\"}}",
    "aws_region": "us-east-1"
  },
  "builders": [
    {
      "subnet_id": "subnet-0b29f2b4ae3e2ad54",
      "iam_instance_profile": "ec2profile-lx-mgmtsvc",
      "ami_name": "{{ user `name`}}",
      "type": "amazon-ebs",
      "region": "{{user `aws_region`}}",
      "source_ami_filter": {
        "filters": {
          "virtualization-type": "hvm",
          "name": "base-awslinux*",
          "root-device-type": "ebs"
        },
        "owners": "self",
        "most_recent": true
      },
      "ami_users": [
        920886623150
      ],
      "instance_type": "t3.2xlarge",
      "force_deregister": "true",
      "force_delete_snapshot": "true",
      "ami_block_device_mappings": [
        {
          "device_name": "/dev/xvda",
          "delete_on_termination": "true",
          "volume_size": 10,
          "volume_type": "gp2"
        }
      ],
      "ssh_username": "ec2-user",
      "tags": {
        "Name": "{{ user `name`}}",
        "OS": "AWS_LINUX",
        "DeleteOn": "{{ user `DELETEON`}}"
      },
      "run_tags": {
        "Name": "packer-builder-{{ user `name`}}",
        "OS": "AWS_LINUX"
      },
      "run_volume_tags": {
        "Name": "{{ user `name`}}",
        "OS": "AWS_LINUX"
      },
      "snapshot_tags": {
        "Name": "{{ user `name`}}",
        "OS": "AWS_LINUX",
        "BuiltOn": "{{isotime \"01-02-2006\"}}"
      },
      "ami_description": "Pheaa AMZLNX AMI for {{ user `name`}}",
      "associate_public_ip_address": "false",
      "vpc_id": "{{user `vpc`}}"
    }
  ],
  "provisioners": [
    {
      "type": "shell",
      "execute_command": "echo '' | sudo -S su - root -c '{{ .Path }}'",
      "script": "build.sh"
    },
    {
      "type": "shell",
      "inline": [
        "rm .ssh/authorized_keys ; sudo rm /root/.ssh/authorized_keys"
      ]
    }
  ]
}